[
  {
    "id": "e9efbcb9-356a-44b2-9158-73ae4c835e6e",
    "data": [
      {
        "text": "Dope, dance now",
        "userDefined": false
      }
    ],
    "isTemplate": false,
    "count": 0,
    "lang": "en",
    "updated": 0
  },
  {
    "id": "b5ee9923-40bf-445d-98c2-add82eb48756",
    "data": [
      {
        "text": "Hey Dope, can you dance for me",
        "userDefined": false
      }
    ],
    "isTemplate": false,
    "count": 0,
    "lang": "en",
    "updated": 0
  },
  {
    "id": "79ab7c6f-a876-49ac-b780-dcde1bc3b159",
    "data": [
      {
        "text": "Dope, can you dance",
        "userDefined": false
      }
    ],
    "isTemplate": false,
    "count": 0,
    "lang": "en",
    "updated": 0
  },
  {
    "id": "28a5c6d7-87f0-4e19-aee2-a0e3e18c0311",
    "data": [
      {
        "text": "Dope, dance",
        "userDefined": false
      }
    ],
    "isTemplate": false,
    "count": 0,
    "lang": "en",
    "updated": 0
  },
  {
    "id": "0d927129-160f-4f81-8815-a1d529d3c5a8",
    "data": [
      {
        "text": "Hey Dope, dance for me",
        "userDefined": false
      }
    ],
    "isTemplate": false,
    "count": 0,
    "lang": "en",
    "updated": 0
  }
]