[
  {
    "id": "4dc0ba21-07f7-4db9-aa97-43e4a73b4014",
    "data": [
      {
        "text": "What is your name",
        "userDefined": false
      }
    ],
    "isTemplate": false,
    "count": 0,
    "lang": "en",
    "updated": 0
  },
  {
    "id": "642d3db9-ce65-4b53-8bba-0482daccbad3",
    "data": [
      {
        "text": "Who are you",
        "userDefined": false
      }
    ],
    "isTemplate": false,
    "count": 0,
    "lang": "en",
    "updated": 0
  },
  {
    "id": "11e34c98-0b4a-4bd8-a2d0-a94b65389ed3",
    "data": [
      {
        "text": "Introduce yourself",
        "userDefined": false
      }
    ],
    "isTemplate": false,
    "count": 0,
    "lang": "en",
    "updated": 0
  }
]