[
  {
    "id": "7f428cd7-c7e5-4c9f-9e0e-d2afc411fad8",
    "data": [
      {
        "text": "I am ",
        "userDefined": false
      },
      {
        "text": "Chloe Price",
        "meta": "@sys.person",
        "alias": "person",
        "userDefined": false
      }
    ],
    "isTemplate": false,
    "count": 0,
    "lang": "en",
    "updated": 0
  },
  {
    "id": "897b83fc-6eca-47d3-850f-d192fcdec4dd",
    "data": [
      {
        "text": "Maddie",
        "meta": "@sys.person",
        "alias": "person",
        "userDefined": false
      }
    ],
    "isTemplate": false,
    "count": 0,
    "lang": "en",
    "updated": 0
  },
  {
    "id": "2357419e-88fc-4338-8cf4-5e3d05d84569",
    "data": [
      {
        "text": "Alice",
        "meta": "@sys.person",
        "alias": "person",
        "userDefined": false
      }
    ],
    "isTemplate": false,
    "count": 0,
    "lang": "en",
    "updated": 0
  },
  {
    "id": "2ef225c4-1e3e-4150-a1a6-6ff3542a5b0a",
    "data": [
      {
        "text": "Bob",
        "meta": "@sys.person",
        "alias": "person",
        "userDefined": false
      }
    ],
    "isTemplate": false,
    "count": 0,
    "lang": "en",
    "updated": 0
  },
  {
    "id": "2ff7f652-95a4-49e8-912e-cd686b14d5bf",
    "data": [
      {
        "text": "John",
        "meta": "@sys.person",
        "alias": "person",
        "userDefined": false
      }
    ],
    "isTemplate": false,
    "count": 0,
    "lang": "en",
    "updated": 0
  },
  {
    "id": "61e70ea1-39aa-4151-80dc-25e03f05b540",
    "data": [
      {
        "text": "I am ",
        "userDefined": false
      },
      {
        "text": "Maria",
        "meta": "@sys.person",
        "alias": "person",
        "userDefined": false
      }
    ],
    "isTemplate": false,
    "count": 0,
    "lang": "en",
    "updated": 0
  },
  {
    "id": "dc7926ee-0c40-4609-9e80-bc4eb3119baf",
    "data": [
      {
        "text": "I\u0027m ",
        "userDefined": false
      },
      {
        "text": "Eric",
        "meta": "@sys.person",
        "alias": "person",
        "userDefined": false
      }
    ],
    "isTemplate": false,
    "count": 0,
    "lang": "en",
    "updated": 0
  },
  {
    "id": "ebd61342-3fa5-475e-b65e-37594dd749a1",
    "data": [
      {
        "text": "My name is ",
        "userDefined": false
      },
      {
        "text": "Tuan",
        "meta": "@sys.person",
        "alias": "person",
        "userDefined": false
      }
    ],
    "isTemplate": false,
    "count": 0,
    "lang": "en",
    "updated": 0
  }
]