[
  {
    "id": "634e656c-8c87-4863-a2e3-ba350821a8a0",
    "data": [
      {
        "text": "Hey ",
        "userDefined": false
      },
      {
        "text": "Dope",
        "meta": "@sys.person",
        "alias": "person",
        "userDefined": false
      }
    ],
    "isTemplate": false,
    "count": 0,
    "lang": "en",
    "updated": 0
  },
  {
    "id": "f79ef288-895d-4926-a80a-d5f8fe25099a",
    "data": [
      {
        "text": "Hello Dope",
        "userDefined": false
      }
    ],
    "isTemplate": false,
    "count": 0,
    "lang": "en",
    "updated": 0
  },
  {
    "id": "b85a1df4-ddec-46d6-b06a-2bf544e45cf0",
    "data": [
      {
        "text": "Hi Dope",
        "userDefined": false
      }
    ],
    "isTemplate": false,
    "count": 0,
    "lang": "en",
    "updated": 0
  }
]