[
  {
    "id": "8f01b685-dd64-459f-b66a-dbd8a5be993b",
    "data": [
      {
        "text": "Who is ",
        "userDefined": false
      },
      {
        "text": "Vladimir Putin",
        "meta": "@sys.person",
        "alias": "person",
        "userDefined": true
      }
    ],
    "isTemplate": false,
    "count": 0,
    "lang": "en",
    "updated": 0
  },
  {
    "id": "8d125ad9-aa6e-4449-a619-1fedc6da93d3",
    "data": [
      {
        "text": "who is ",
        "userDefined": false
      },
      {
        "text": "Isaac Newton",
        "meta": "@sys.person",
        "alias": "person",
        "userDefined": true
      }
    ],
    "isTemplate": false,
    "count": 0,
    "lang": "en",
    "updated": 0
  },
  {
    "id": "86a22602-de07-484d-abc4-2bee4ce85a5c",
    "data": [
      {
        "text": "who is ",
        "userDefined": false
      },
      {
        "text": "taylor swift",
        "meta": "@sys.person",
        "alias": "person",
        "userDefined": true
      }
    ],
    "isTemplate": false,
    "count": 0,
    "lang": "en",
    "updated": 0
  },
  {
    "id": "e98d390a-3e74-4a61-8539-fa185de11666",
    "data": [
      {
        "text": "who is ",
        "userDefined": false
      },
      {
        "text": "albert einstein",
        "meta": "@sys.person",
        "alias": "person",
        "userDefined": true
      }
    ],
    "isTemplate": false,
    "count": 0,
    "lang": "en",
    "updated": 0
  }
]