[
  {
    "id": "ebe8f2c8-88ce-4635-bccc-b53fbee5b25e",
    "data": [
      {
        "text": "What is ",
        "userDefined": false
      },
      {
        "text": "global warming",
        "meta": "@sys.any",
        "alias": "anything",
        "userDefined": true
      }
    ],
    "isTemplate": false,
    "count": 0,
    "lang": "en",
    "updated": 0
  },
  {
    "id": "dbfd9991-867d-4be5-aa74-3b3eb46168c1",
    "data": [
      {
        "text": "what is ",
        "userDefined": false
      },
      {
        "text": "block chain",
        "meta": "@sys.any",
        "alias": "anything",
        "userDefined": true
      }
    ],
    "isTemplate": false,
    "count": 0,
    "lang": "en",
    "updated": 0
  },
  {
    "id": "8aaec6a2-3ff0-4cce-83e2-e116f76316f7",
    "data": [
      {
        "text": "tell me about ",
        "userDefined": false
      },
      {
        "text": "computer vision",
        "meta": "@sys.any",
        "alias": "anything",
        "userDefined": true
      }
    ],
    "isTemplate": false,
    "count": 0,
    "lang": "en",
    "updated": 0
  },
  {
    "id": "d689ebe6-4ffd-4ba9-ab49-c7cdbd3f17d9",
    "data": [
      {
        "text": "Tell me about ",
        "userDefined": false
      },
      {
        "text": "solar system",
        "meta": "@sys.any",
        "alias": "anything",
        "userDefined": true
      }
    ],
    "isTemplate": false,
    "count": 0,
    "lang": "en",
    "updated": 0
  },
  {
    "id": "466f4285-1b9b-46c8-a83e-0e170e577b44",
    "data": [
      {
        "text": "Tell me about ",
        "userDefined": false
      },
      {
        "text": "wind turbine",
        "meta": "@sys.any",
        "alias": "anything",
        "userDefined": true
      }
    ],
    "isTemplate": false,
    "count": 0,
    "lang": "en",
    "updated": 0
  }
]